JINA_ID,Ref,Name,Simbad_Identifier,Fe/H,Na/Fe
66,ROE14b,CS22882-006,2MASS_J00215986-2929265, -2.94, -0.1
82,ROE14b,CS22882-030,2MASS_J00302004-3020584, -3.47, -0.2
83,ROE14b,CS22882-012,2MASS_J00302250-2735272, -2.76,0.49
102,YON13,HE0049-3948,2MASS_J00521335-3932368, -3.68, -0.07
105,ROE14b,CS22942-011,2MASS_J00541299-2504338, -2.88, -0.01
131,ROE14b,CS22953-003,2MASS_J01021585-6143458, -3.13, -0.03
138,YON13,HE0102-1213,2MASS_J01052796-1157310, -3.28, -0.02
186,YON13,HE0146-1548,2MASS_J01483472-1533243, -3.46,1.16
195,YON13,HE0207-1423,2MASS_J02100069-1409110, -2.95,0.61
200,ROE14b,CS22958-083,2MASS_J02154272-5359561, -3.05,0.07
222,ROE14b,CS22189-009,2MASS_J02414237-1328105, -3.92, -0.1
247,ROE14b,CS22968-014,2MASS_J03062950-5430325, -3.99, -0.18
263,ROE14b,CS22185-007,2MASS_J03173604-1517227, -3.06, -0.02
320,ROE14b,CS22186-002,2MASS_J04135721-3646255, -2.72, -0.32
327,ROE14b,CS22182-033,2MASS_J04231047-3037041, -2.65, -0.12
348,ROE14b,HE0454-4758,2MASS_J04552670-4753417, -3.38, -0.12
392,ROE14b,HE1012-1540,2MASS_J10145347-1555532, -4.17,1.65
410,ROE14b,G146-76,2MASS_J10595749+4446439, -2.08, -0.35
420,ROE14b,HE1124-2335,2MASS_J11272694-2352056, -3.36,0.02
630,ROE14b,CS30312-100,2MASS_J15433166+0201174, -2.69, -0.18
692,ROE14b,CS22873-128,2MASS_J20070379-5834575, -3.32, -0.11
701,ROE14b,CS22885-096,2MASS_J20205117-3953301, -4.41,0.22
714,YON13,CS30336-049,2MASS_J20452353-2842359, -4.1, -0.01
727,ROE14b,CS22897-008,2MASS_J21031185-6505088, -3.83, -0.05
735,ROE14b,CS29498-043,2MASS_J21035211-2942502, -3.87,1.03
743,ROE14b,CS30492-001,2MASS_J21055523-4210101, -2.62, -0.15
763,ROE14b,CS29495-042,2MASS_J21391140-2817544, -2.54,0.32
784,ROE14b,CS22965-016,2MASS_J21570791-0434083, -3.13,0.14
811,ROE14b,CS22881-036,2MASS_J22075843-4044164, -2.34,0.28
853,ROE14b,CS29502-092,2MASS_J22223599-0138275, -3.3, -0.02
856,ROE14b,CS22960-064,2MASS_J22240014-4235160, -2.77,0.33
950,ROE14b,CS22945-028,2MASS_J23311355-6629578, -2.92, -0.08
952,ROE14b,CS22941-017,2MASS_J23325017-3359254, -3.11, -0.06
995,ROE14b,CS22957-013,2MASS_J23554905-0522528, -2.98, -0.08
1002,ROE14b,CS22957-027,2MASS_J23591314-0353482, -3.19,0.98
1008,ROE14b,BD-012582,BD-01_2582, -2.62,0.26
1034,ROE14b,HE1320-1339,BD-13_3695, -3.18,0.48
1047,ROE14b,CS31082-001,BD-16_251, -3.09,0.15
1160,ROE14b,BD+241676,BD+24_1676, -2.7, -0.19
1225,ROE14b,CS22171-037,BPS_CS_22171-0037, -3.63, -0.1
1236,ROE14b,CS22872-102,BPS_CS_22872-0102, -2.85, -0.05
1237,ROE14b,CS22873-072,BPS_CS_22873-0072, -3.08, -0.25
1246,ROE14b,CS22874-123,BPS_CS_22874-0123, -2.79,0.21
1252,ROE14b,CS22877-015,BPS_CS_22877-0015, -2.12, -0.13
1256,ROE14b,CS22878-027,BPS_CS_22878-0027, -2.92, -0.28
1258,ROE14b,CS22879-029,BPS_CS_22879-0029, -2.55,0.15
1270,ROE14b,CS22881-032,BPS_CS_22881-0032, -3.55, -0.16
1276,ROE14b,CS22884-020,BPS_CS_22884-0020, -2.48, -0.11
1281,ROE14b,CS22886-012,BPS_CS_22886-0012, -2.88, -0.11
1292,ROE14b,CS22891-221,BPS_CS_22891-0221, -3.23, -0.26
1296,ROE14b,CS22893-005,BPS_CS_22893-0005, -2.99, -0.05
1299,ROE14b,CS22893-010,BPS_CS_22893-0010, -3.12,1.58
1300,ROE14b,CS22893-011,BPS_CS_22893-0011, -2.4,0.21
1305,ROE14b,CS22896-015,BPS_CS_22896-0015, -2.85, -0.17
1331,ROE14b,CS22944-014,BPS_CS_22944-0014, -2.64, -0.04
1344,ROE14b,CS22947-187,BPS_CS_22947-0187, -2.58,0.16
1353,ROE14b,CS22949-030,BPS_CS_22949-0030, -3.01,0.03
1354,ROE14b,CS22951-005,BPS_CS_22951-0005, -2.74, -0.2
1363,ROE14b,CS22956-021,BPS_CS_22956-0021, -2.73, -0.21
1365,ROE14b,CS22956-062,BPS_CS_22956-0062, -2.75, -0.21
1369,ROE14b,CS22956-110,BPS_CS_22956-0110, -3.15, -0.09
1372,ROE14b,CS22957-024,BPS_CS_22957-0024, -2.91, -0.13
1373,ROE14b,CS22957-036,BPS_CS_22957-0036, -2.28, -0.15
1374,ROE14b,CS22958-037,BPS_CS_22958-0037, -2.51, -0.16
1387,ROE14b,CS22964-176,BPS_CS_22964-0176, -2.56, -0.31
1404,ROE14b,CS29493-050,BPS_CS_29493-0050, -2.92, -0.1
1409,ROE14b,CS29499-003,BPS_CS_29499-0003, -2.51, -0.21
1432,ROE14b,CS29513-003,BPS_CS_29513-0003, -2.47, -0.01
1433,ROE14b,CS29513-014,BPS_CS_29513-0014, -2.32,0.34
1451,ROE14b,CS30339-073,BPS_CS_30339-0073, -3.93,0.07
1455,ROE14b,CS30493-071,BPS_CS_30493-0071, -2.82, -0.02
1490,ROE14b,HE0056-3022,CD-30_298, -3.77,0.03
1551,ROE14b,G166-47,G_166-47, -2.46, -0.25
1563,ROE14b,CS22180-014,G_272-44, -2.86, -0.05
1575,ROE14b,G90-3,G_90-3, -2.4,0.41
1591,ROE14b,HD106373,HD_106373, -2.61,0.62
1637,ROE14b,HD11582,HD_11582, -1.84, -0.03
1688,ROE14b,HD126587,HD_126587, -3.29,0.06
1702,ROE14b,HD128279,HD_128279, -2.52,0.23
1721,ROE14b,HD13979,HD_13979, -2.97,0.01
1772,ROE14b,HD175606,HD_175606, -2.39, -0.1
1775,ROE14b,HD178443,HD_178443, -1.99,0.13
1879,ROE14b,HD26169,HD_26169, -2.8,0.08
2019,YON13,HE0057-5959,HE_0057-5959, -4.08,1.98
2024,YON13,HE0231-6025,HE_0231-6025, -3.1,0.01
2025,YON13,HE0253-1331,HE_0253-1331, -3.01, -0.17
2027,YON13,HE0314-1739,HE_0314-1739, -2.86, -0.45
2037,YON13,HE1055+0104,HE_1055+0104, -2.87, -0.07
2038,YON13,HE1116-0054,HE_1116-0054, -3.49, -0.23
2039,YON13,HE1142-1422,HE_1142-1422, -2.84, -0.06
2040,YON13,HE1201-1512,HE_1201-1512, -3.86, -0.35
2041,YON13,HE1204-0744,HE_1204-0744, -2.71, -0.05
2042,YON13,HE1207-3108,HE_1207-3108, -2.7,0.55
2045,YON13,HE1320-2952,HE_1320-2952, -3.69,0.09
2050,YON13,HE1402-0523,HE_1402-0523, -3.17, -0.15
2051,YON13,HE1506-0113,HE_1506-0113, -3.54,1.65
2053,YON13,HE2032-5633,HE_2032-5633, -3.63, -0.0
2054,YON13,HE2047-5612,HE_2047-5612, -3.14, -0.26
2055,YON13,HE2135-1924,HE_2135-1924, -3.31, -0.04
2056,YON13,HE2136-6030,HE_2136-6030, -2.88, -0.39
2058,YON13,HE2139-5432,HE_2139-5432, -4.02,2.15
2059,YON13,HE2141-0726,HE_2141-0726, -2.72, -0.36
2069,YON13,HE2142-5656,HE_2142-5656, -2.87,0.81
2072,YON13,HE2202-4831,HE_2202-4831, -2.78,1.44
2076,YON13,HE2246-2410,HE_2246-2410, -2.96,1.41
2077,YON13,HE2247-7400,HE_2247-7400, -2.87,0.82
2728,ROE14b,G64-12,Wolf_1492, -3.58, -0.06
